Slot;Name;Type;Ignore;LevelReq;Weight;Vocs;Knight;Paladin;Sorcerer;Druid;Armor;Attack;AttackFire;AttackEnergy;AttackIce;AttackEarth;Defense;Attributes;ImbSlots;Resists;ResFire;ResPhys;ResDeath;ResHoly;ResEnergy;ResEarth;ResIce;ResManaDrain;ResLifeDrain;ResDrowning;Range;Atkmod;Hit;Handed;Icon;Charges;Duration;BuyPrice
Helmet;No helmet;helmet;;;;;;;;;;;;;;;;;;;;;;;;;;;;;;;;;test.png;;;
Weapon;No weapon;sword;;;;;;;;;;;;;;;;;;;;;;;;;;;;;;;;;test.png;;;
Weapon;No ammo;ammo;;;;;;;;;;;;;;;;;;;;;;;;;;;;;;;;;test.png;;;
Legs;No legs;legs;;;;;;;;;;;;;;;;;;;;;;;;;;;;;;;;;test.png;;;
Amulet;No amulet;amulet;;;;;;;;;;;;;;;;;;;;;;;;;;;;;;;;;test.png;;;
Armor;No armor;armor;;;;;;;;;;;;;;;;;;;;;;;;;;;;;;;;;test.png;;;
Shield;No left hand;shield;;;;;;;;;;;;;;;;;;;;;;;;;;;;;;;;;test.png;;;
Boots;No boots;boots;;;;;;;;;;;;;;;;;;;;;;;;;;;;;;;;;test.png;;;
Ring;No ring;ring;;;;;;;;;;;;;;;;;;;;;;;;;;;;;;;;;test.png;;;
Amulet;Amethyst Necklace ;amulet;1;;4.30 ;;no;no;no;no;;;;;;;;;;;;;;;;;;;;;;;;;https://static.wikia.nocookie.net/tibia/images/8/83/Amethyst_Necklace.gif/revision/latest?cb=20201111133901&path-prefix=en;;;
Amulet;Amulet of Loss ;amulet;1;;4.20 ;;no;no;no;no;;;;;;;;;;;;;;;;;;;;;;;;;https://static.wikia.nocookie.net/tibia/images/1/13/Amulet_of_Loss.gif/revision/latest?cb=20050614175324&path-prefix=en;;;
Amulet;Amulet of Theurgy ;amulet;1;220;5.00 ;sorcerers and druids ;no;no;yes;yes;;;;;;;;;;;;;;;;;;;;;;;;;https://static.wikia.nocookie.net/tibia/images/4/45/Amulet_of_Theurgy.gif/revision/latest?cb=20190701193322&path-prefix=en;;;
Amulet;Ancient Amulet ;amulet;1;;8.40 ;;no;no;no;no;;;;;;;;;;;;;;;;;;;;;;;;;https://static.wikia.nocookie.net/tibia/images/f/f5/Ancient_Amulet_%28Quest%29.gif/revision/latest?cb=20160325133304&path-prefix=en;;;
Amulet;Ancient Amulet (Quest) ;amulet;1;;3.00 ;;no;no;no;no;;;;;;;;;;;;;;;;;;;;;;;;;https://static.wikia.nocookie.net/tibia/images/c/c6/Ancient_Amulet.gif/revision/latest?cb=20050614175355&path-prefix=en;;;
Amulet;Beetle Necklace ;amulet;;;8.20 ;;no;no;no;no;;;;;;;;speed +2 ;;;;;;;;;;;;;;;;;https://static.wikia.nocookie.net/tibia/images/d/d2/Beetle_Necklace.gif/revision/latest?cb=20091130013002&path-prefix=en;;;
Amulet;Bonfire Amulet ;amulet;;80;7.00 ;;no;no;no;no;;;;;;;;;;physical +60%, fire +40% ;40;60;;;;;;;;;;;;;https://static.wikia.nocookie.net/tibia/images/3/3f/Bonfire_Amulet.gif/revision/latest?cb=20111204172739&path-prefix=en;5;;
Amulet;Broken Amulet ;amulet;1;;4.20 ;;no;no;no;no;;;;;;;;;;;;;;;;;;;;;;;;;https://static.wikia.nocookie.net/tibia/images/c/c6/Broken_Amulet.gif/revision/latest?cb=20050614190006&path-prefix=en;;;
Amulet;Bronze Amulet ;amulet;;;5.00 ;;no;no;no;no;;;;;;;;;;mana drain +20% ;;;;;;;;20;;;;;;;https://static.wikia.nocookie.net/tibia/images/e/ee/Bronze_Amulet.gif/revision/latest?cb=20050614175419&path-prefix=en;200;;
Amulet;Bronze Medal ;amulet;;;12.00 ;;no;no;no;no;;;;;;;;;;;;;;;;;;;;;;;;;https://static.wikia.nocookie.net/tibia/images/d/d0/Bronze_Medal.gif/revision/latest?cb=20090329134741&path-prefix=en;;;
Amulet;Bronze Necklace ;amulet;1;;4.10;;no;no;no;no;;;;;;;;;;;;;;;;;;;;;;;;;https://static.wikia.nocookie.net/tibia/images/e/e1/Bronze_Necklace.gif/revision/latest?cb=20051003195432&path-prefix=en;;;
Amulet;Collar of Blue Plasma ;amulet;;150;5.00 ;paladins ;no;yes;no;no;;;;;;;;distance fighting +4, magic level +2 ;;;;;;;;;;;;;;;;;https://static.wikia.nocookie.net/tibia/images/b/b0/Collar_of_Blue_Plasma.gif/revision/latest?cb=20160423124928&path-prefix=en;;30;
Amulet;Collar of Green Plasma ;amulet;;150;5.00 ;sorcerers and druids ;no;no;yes;yes;;;;;;;;magic level +3, faster Regeneration ;;;;;;;;;;;;;;;;;https://static.wikia.nocookie.net/tibia/images/e/e5/Collar_of_Green_Plasma.gif/revision/latest?cb=20160423124830&path-prefix=en;;30;
Amulet;Collar of Red Plasma ;amulet;;150;5.00 ;knights ;yes;no;no;no;;;;;;;;sword fighting +4, club fighting +4, axe fighting +4 ;;physical +5% ;;5;;;;;;;;;;;;;https://static.wikia.nocookie.net/tibia/images/a/ae/Collar_of_Red_Plasma.gif/revision/latest?cb=20160423124730&path-prefix=en;;30;
Amulet;Crystal Necklace ;amulet;1;;4.90 ;;no;no;no;no;;;;;;;;;;;;;;;;;;;;;;;;;https://static.wikia.nocookie.net/tibia/images/3/3e/Crystal_Necklace.gif/revision/latest?cb=20170906143101&path-prefix=en;;;
Amulet;Demonbone Amulet ;amulet;1;;6.90 ;;no;no;no;no;;;;;;;;;;;;;;;;;;;;;;;;;https://static.wikia.nocookie.net/tibia/images/3/35/Demonbone_Amulet.gif/revision/latest?cb=20061216131428&path-prefix=en;;;
Amulet;Diamond Necklace ;amulet;1;;5.00 ;;no;no;no;no;;;;;;;;;;;;;;;;;;;;;;;;;https://static.wikia.nocookie.net/tibia/images/2/28/Diamond_Necklace.gif/revision/latest?cb=20201111133856&path-prefix=en;;;
Amulet;Dragon Necklace ;amulet;;;6.30 ;;no;no;no;no;;;;;;;;;;fire +8% ;;;;;;;;;;;;;;;https://static.wikia.nocookie.net/tibia/images/b/b0/Dragon_Necklace.gif/revision/latest?cb=20120424123714&path-prefix=en;;;
Amulet;Elven Amulet ;amulet;;;2.70 ;;no;no;no;no;;;;;;;;;;physical +5%, fire +5%, earth +5%, energy +5%, ice +5%, holy +5%, death +5% ;;;;;;;;;;;;;;;https://static.wikia.nocookie.net/tibia/images/f/f1/Elven_Amulet.gif/revision/latest?cb=20050614180126&path-prefix=en;;;
Amulet;Emerald Necklace ;amulet;1;;4.50 ;;no;no;no;no;;;;;;;;;;;;;;;;;;;;;;;;;https://static.wikia.nocookie.net/tibia/images/8/88/Emerald_Necklace.gif/revision/latest?cb=20201111133854&path-prefix=en;;;
Amulet;Enchanted Pendulet ;amulet;;180;6.50 ;paladins ;no;yes;no;no;2;;;;;;;distance fighting +3 ;;physical +5%, energy +18% ;;;;;;;;;;;;;;;https://static.wikia.nocookie.net/tibia/images/1/1c/Enchanted_Pendulet.gif/revision/latest?cb=20181119224317&path-prefix=en;;;
Amulet;Enchanted Sleep Shawl ;amulet;;180;4.30 ;paladins ;no;yes;no;no;3;;;;;;;distance fighting +3 ;;physical 7%, earth +24% ;;;;;;;;;;;;;;;https://static.wikia.nocookie.net/tibia/images/6/66/Enchanted_Sleep_Shawl.gif/revision/latest?cb=20181119224345&path-prefix=en;;;
Amulet;Enchanted Theurgic Amulet ;amulet;;220;5.00 ;sorcerers and druids ;no;no;yes;yes;2;;;;;;;magic level +3 ;;physical +3%, earth +14% ;;;;;;;;;;;;;;;https://static.wikia.nocookie.net/tibia/images/8/8d/Enchanted_Theurgic_Amulet.gif/revision/latest?cb=20190701193449&path-prefix=en;;;
Amulet;Enchanted Turtle Amulet ;amulet;;200;4.80 ;knights ;yes;no;no;no;;;;;;;;sword fighting +3, club fighting +3, axe fighting +3 ;;physical +7% , ice +15% ;;;;;;;;;;;;;;;https://static.wikia.nocookie.net/tibia/images/e/ef/Enchanted_Turtle_Amulet.gif/revision/latest?cb=20220623100709&path-prefix=en;;;
Amulet;Enchanted Werewolf Amulet ;amulet;;;5.50 ;;no;no;no;no;3;;;;;;;;;physical +6% ;;;;;;;;;;;;;;;https://static.wikia.nocookie.net/tibia/images/7/7e/Enchanted_Werewolf_Amulet.gif/revision/latest?cb=20150703182442&path-prefix=en;;;
Amulet;Exotic Amulet ;amulet;;180;7.30 ;;no;no;no;no;;;;;;;;;;physical +4%, earth +5% ;;;;;;;;;;;;;;;https://static.wikia.nocookie.net/tibia/images/e/ef/Exotic_Amulet.gif/revision/latest?cb=20201106173113&path-prefix=en;;;
Amulet;Ferumbras' Amulet ;amulet;1;100;5.00 ;;no;no;no;no;3;;;;;;;;;;;;;;;;;;;;;;;;https://static.wikia.nocookie.net/tibia/images/2/2f/Ferumbras%27_Amulet.gif/revision/latest?cb=20151112195348&path-prefix=en;;;
Amulet;Foxtail Amulet ;amulet;;100;5.00 ;;no;no;no;no;2;;;;;;;;;physical +5% ;;;;;;;;;;;;;;;https://static.wikia.nocookie.net/tibia/images/a/a9/Foxtail_Amulet.gif/revision/latest?cb=20171108141316&path-prefix=en;;;
Amulet;Friendship Amulet ;amulet;1;;5.20 ;;no;no;no;no;;;;;;;;;;;;;;;;;;;;;;;;;https://static.wikia.nocookie.net/tibia/images/b/b3/Friendship_Amulet.gif/revision/latest?cb=20150125161151&path-prefix=en;;;
Amulet;Garlic Necklace ;amulet;;;3.80 ;;no;no;no;no;;;;;;;;;;life drain +20% ;;;;;;;;;20;;;;;;https://static.wikia.nocookie.net/tibia/images/1/16/Garlic_Necklace.gif/revision/latest?cb=20050614184042&path-prefix=en;;;
Amulet;Garnet Necklace ;amulet;1;;5.00 ;;no;no;no;no;;;;;;;;;;;;;;;;;;;;;;;;;https://static.wikia.nocookie.net/tibia/images/6/6e/Garnet_Necklace.gif/revision/latest?cb=20201111133855&path-prefix=en;;;
Amulet;Gearwheel Chain ;amulet;;75;10.00 ;;no;no;no;no;3;;;;;;;;;;;;;;;;;;;;;;;;https://static.wikia.nocookie.net/tibia/images/7/74/Gearwheel_Chain.gif/revision/latest?cb=20140615115451&path-prefix=en;;;
Amulet;Gill Necklace ;amulet;;150;4.10;;no;no;no;no;;;;;;;;;;physical +15%, earth +10% ;;;;;;;;;;;;;;;https://static.wikia.nocookie.net/tibia/images/1/18/Gill_Necklace.gif/revision/latest?cb=20120622164101&path-prefix=en;;;
Amulet;Glacier Amulet ;amulet;;60;5.00 ;;no;no;no;no;;;;;;;;;;ice +20%, energy -10% ;;;;;;;;;;;;;;;https://static.wikia.nocookie.net/tibia/images/d/d6/Glacier_Amulet.gif/revision/latest?cb=20080620144036&path-prefix=en;;;
Amulet;Glooth Amulet ;amulet;;75;2.20 ;sorcerers and druids ;no;no;yes;yes;;;;;;;;;;physical +10%, fire +10%, earth +10%, energy +10%, ice +10%, holy +10%, death +10% ;;;;;;;;;;;;;;;https://static.wikia.nocookie.net/tibia/images/7/78/Glooth_Amulet.gif/revision/latest?cb=20140613221927&path-prefix=en;;;
Amulet;Glowing Rubbish Amulet ;amulet;1;;5.10;;no;no;no;no;;;;;;;;;;;;;;;;;;;;;;;;;https://static.wikia.nocookie.net/tibia/images/d/d6/Glowing_Rubbish_Amulet.gif/revision/latest?cb=20170913040736&path-prefix=en;;;
Amulet;Gold Medal ;amulet;1;;12.40 ;;no;no;no;no;;;;;;;;;;;;;;;;;;;;;;;;;https://static.wikia.nocookie.net/tibia/images/7/7d/Gold_Medal.gif/revision/latest?cb=20090329134747&path-prefix=en;;;
Amulet;Golden Amulet ;amulet;1;;8.30 ;;no;no;no;no;;;;;;;;;;;;;;;;;;;;;;;;;https://static.wikia.nocookie.net/tibia/images/8/84/Golden_Amulet.gif/revision/latest?cb=20120403183412&path-prefix=en;;;
Amulet;Golden Hyaena Pendant ;amulet;1;;3.50 ;;no;no;no;no;;;;;;;;;;;;;;;;;;;;;;;;;https://static.wikia.nocookie.net/tibia/images/9/9a/Golden_Hyaena_Pendant.gif/revision/latest?cb=20111130232028&path-prefix=en;;;
Amulet;Golden Scorpion Pendant ;amulet;1;;3.00 ;;no;no;no;no;;;;;;;;;;;;;;;;;;;;;;;;;https://static.wikia.nocookie.net/tibia/images/3/3f/Golden_Scorpion_Pendant.gif/revision/latest?cb=20111130235341&path-prefix=en;;;
Amulet;Jade Amulet ;amulet;1;;4.00 ;;no;no;no;no;;;;;;;;;;;;;;;;;;;;;;;;;https://static.wikia.nocookie.net/tibia/images/7/7d/Jade_Amulet_%28Replica%29.gif/revision/latest?cb=20190706152914&path-prefix=en;;;
Amulet;Jade Amulet (Replica) ;amulet;1;;4.00 ;;no;no;no;no;;;;;;;;;;;;;;;;;;;;;;;;;https://static.wikia.nocookie.net/tibia/images/d/dc/Jade_Amulet.gif/revision/latest?cb=20150604111454&path-prefix=en;;;
Amulet;Jerom's Family Necklace ;amulet;1;;6.30 ;;no;no;no;no;;;;;;;;;;;;;;;;;;;;;;;;;https://static.wikia.nocookie.net/tibia/images/b/b5/Jerom%27s_Family_Necklace.gif/revision/latest?cb=20120403181016&path-prefix=en;;;
Amulet;Koshei's Ancient Amulet ;amulet;;;5.50 ;;no;no;no;no;;;;;;;;;;death +8%, holy -50% ;;;;;;;;;;;;;;;https://static.wikia.nocookie.net/tibia/images/5/5a/Koshei%27s_Ancient_Amulet.gif/revision/latest?cb=20170623064819&path-prefix=en;;;
Amulet;Leviathan's Amulet ;amulet;;80;7.00 ;;no;no;no;no;;;;;;;;;;physical +60%, ice +40% ;;;;;;;;;;;;;;;https://static.wikia.nocookie.net/tibia/images/d/d3/Leviathan%27s_Amulet.gif/revision/latest?cb=20170906143215&path-prefix=en;;;
Amulet;Lightning Pendant ;amulet;;60;5.00 ;;no;no;no;no;;;;;;;;;;energy +20%, earth -10% ;;;;;;;;;;;;;;;https://static.wikia.nocookie.net/tibia/images/3/35/Lightning_Pendant.gif/revision/latest?cb=20081203150155&path-prefix=en;;;
Amulet;Lion Amulet ;amulet;;230;5.20 ;;no;no;no;no;3;;;;;;;;;physical +3%, ice +7% ;;;;;;;;;;;;;;;https://static.wikia.nocookie.net/tibia/images/2/21/Lion_Amulet.gif/revision/latest?cb=20200611034741&path-prefix=en;;;
Amulet;Lucky Clover Amulet ;amulet;1;;1.50 ;;no;no;no;no;;;;;;;;;;;;;;;;;;;;;;;;;https://static.wikia.nocookie.net/tibia/images/1/10/Lucky_Clover_Amulet.gif/revision/latest?cb=20091201093445&path-prefix=en;;;
Amulet;Magma Amulet ;amulet;;60;5.00 ;;no;no;no;no;;;;;;;;;;fire +20%, ice -10% ;;;;;;;;;;;;;;;https://static.wikia.nocookie.net/tibia/images/3/31/Magma_Amulet.gif/revision/latest?cb=20081203150013&path-prefix=en;;;
Amulet;Necklace of the Deep ;amulet;;120;5.00 ;;no;no;no;no;;;;;;;;;;life drain +50% ;;;;;;;;;50;;;;;;https://static.wikia.nocookie.net/tibia/images/0/06/Necklace_of_the_Deep.gif/revision/latest?cb=20111129193638&path-prefix=en;;;
Amulet;Note About Two Souls ;amulet;1;;0.50 ;;no;no;no;no;;;;;;;;;;;;;;;;;;;;;;;;;https://static.wikia.nocookie.net/tibia/images/0/00/Note_About_Two_Souls.gif/revision/latest?cb=20190701193638&path-prefix=en;;;
Amulet;Onyx Pendant ;amulet;;60;8.50 ;;no;no;no;no;2;;;;;;;;;death +2% ;;;;;;;;;;;;;;;https://static.wikia.nocookie.net/tibia/images/2/27/Onyx_Pendant.gif/revision/latest?cb=20151112195349&path-prefix=en;;;
Amulet;Ornamented Brooch ;amulet;1;;8.40 ;;no;no;no;no;2;;;;;;;;;;;;;;;;;;;;;;;;https://static.wikia.nocookie.net/tibia/images/f/f2/Ornamented_Brooch.gif/revision/latest?cb=20110923000029&path-prefix=en;;;
Amulet;Paw Amulet ;amulet;1;;4.20 ;;no;no;no;no;;;;;;;;;;;;;;;;;;;;;;;;;https://static.wikia.nocookie.net/tibia/images/6/6e/Paw_Amulet.gif/revision/latest?cb=20051221122616&path-prefix=en;;;
Amulet;Pendulet ;amulet;1;180;6.50 ;paladins ;no;yes;no;no;;;;;;;;;;;;;;;;;;;;;;;;;https://static.wikia.nocookie.net/tibia/images/e/ef/Pendulet.gif/revision/latest?cb=20181107123138&path-prefix=en;;;
Amulet;Platinum Amulet ;amulet;;;6.00 ;;no;no;no;no;2;;;;;;;;;;;;;;;;;;;;;;;;https://static.wikia.nocookie.net/tibia/images/4/42/Platinum_Amulet.gif/revision/latest?cb=20050531085148&path-prefix=en;;;
Amulet;Prismatic Necklace ;amulet;;150;6.50 ;;no;no;no;no;;;;;;;;;;physical +10%, energy +15% ;;;;;;;;;;;;;;;https://static.wikia.nocookie.net/tibia/images/b/b4/Prismatic_Necklace.gif/revision/latest?cb=20120622164103&path-prefix=en;;;
Amulet;Protection Amulet ;amulet;;;5.50 ;;no;no;no;no;;;;;;;;;;physical +6% ;;;;;;;;;;;;;;;https://static.wikia.nocookie.net/tibia/images/3/38/Protection_Amulet.gif/revision/latest?cb=20050614184446&path-prefix=en;;;
Amulet;Rainbow Amulet ;amulet;;220;5.70 ;;no;no;no;no;3;;;;;;;;;physical +5%, fire +6%, ice -10% ;;;;;;;;;;;;;;;https://static.wikia.nocookie.net/tibia/images/0/0a/Rainbow_Amulet.gif/revision/latest?cb=20190701193641&path-prefix=en;;;
Amulet;Rainbow Necklace ;amulet;;220;4.90 ;;no;no;no;no;2;;;;;;;;;physical +3%, fire +6%, ice -5% ;;;;;;;;;;;;;;;https://static.wikia.nocookie.net/tibia/images/d/d8/Rainbow_Necklace.gif/revision/latest?cb=20181212132918&path-prefix=en;;;
Amulet;Rhodolith Necklace ;amulet;1;;5.50 ;;no;no;no;no;;;;;;;;;;;;;;;;;;;;;;;;;https://static.wikia.nocookie.net/tibia/images/a/a7/Rhodolith_Necklace.gif/revision/latest?cb=20201111133858&path-prefix=en;;;
Amulet;Rubbish Amulet ;amulet;1;;5.10;;no;no;no;no;;;;;;;;;;;;;;;;;;;;;;;;;https://static.wikia.nocookie.net/tibia/images/1/15/Rubbish_Amulet.gif/revision/latest?cb=20170713175850&path-prefix=en;;;
Amulet;Ruby Necklace ;amulet;1;;5.70 ;;no;no;no;no;;;;;;;;;;;;;;;;;;;;;;;;;https://static.wikia.nocookie.net/tibia/images/e/e1/Ruby_Necklace.gif/revision/latest?cb=20050614184606&path-prefix=en;;;
Amulet;Sacred Tree Amulet ;amulet;;80;7.00 ;;no;no;no;no;;;;;;;;;;physical +60%, earth +40% ;;;;;;;;;;;;;;;https://static.wikia.nocookie.net/tibia/images/1/16/Sacred_Tree_Amulet.gif/revision/latest?cb=20170906143340&path-prefix=en;;;
Amulet;Sapphire Amulet ;amulet;1;;6.80 ;;no;no;no;no;;;;;;;;;;;;;;;;;;;;;;;;;https://static.wikia.nocookie.net/tibia/images/5/53/Sapphire_Amulet.gif/revision/latest?cb=20080518222118&path-prefix=en;;;
Amulet;Sapphire Necklace ;amulet;1;;6.00 ;;no;no;no;no;;;;;;;;;;;;;;;;;;;;;;;;;https://static.wikia.nocookie.net/tibia/images/0/02/Sapphire_Necklace.gif/revision/latest?cb=20201111133854&path-prefix=en;;;
Amulet;Scarab Amulet ;amulet;1;;7.70 ;;no;no;no;no;;;;;;;;;;;;;;;;;;;;;;;;;https://static.wikia.nocookie.net/tibia/images/c/c6/Scarab_Amulet.gif/revision/latest?cb=20050614184752&path-prefix=en;;;
Amulet;Scarf ;amulet;;;2.00 ;;no;no;no;no;1;;;;;;;;;;;;;;;;;;;;;;;;https://static.wikia.nocookie.net/tibia/images/b/bc/Scarf.gif/revision/latest?cb=20070205185214&path-prefix=en;;;
Amulet;Shockwave Amulet ;amulet;;80;7.00 ;;no;no;no;no;;;;;;;;;;physical +60%, energy +40% ;;;;;;;;;;;;;;;https://static.wikia.nocookie.net/tibia/images/4/41/Shockwave_Amulet.gif/revision/latest?cb=20090619202015&path-prefix=en;;;
Amulet;Shrunken Head Necklace ;amulet;;150;5.50 ;;no;no;no;no;;;;;;;;speed +10 ;;;;;;;;;;;;;;;;;https://static.wikia.nocookie.net/tibia/images/5/50/Shrunken_Head_Necklace.gif/revision/latest?cb=20130903162130&path-prefix=en;;;
Amulet;Silver Amulet ;amulet;;;5.00 ;;no;no;no;no;;;;;;;;;;earth +10% ;;;;;;;;;;;;;;;https://static.wikia.nocookie.net/tibia/images/1/18/Silver_Amulet.gif/revision/latest?cb=20050602205437&path-prefix=en;;;
Amulet;Silver Medal ;amulet;1;;12.20 ;;no;no;no;no;;;;;;;;;;;;;;;;;;;;;;;;;https://static.wikia.nocookie.net/tibia/images/f/ff/Silver_Medal.gif/revision/latest?cb=20090329134744&path-prefix=en;;;
Amulet;Silver Necklace ;amulet;1;;4.80 ;;no;no;no;no;;;;;;;;;;;;;;;;;;;;;;;;;https://static.wikia.nocookie.net/tibia/images/3/3f/Silver_Necklace.gif/revision/latest?cb=20050614184815&path-prefix=en;;;
Amulet;Sleep Shawl ;amulet;1;180;4.30 ;paladins ;no;yes;no;no;;;;;;;;;;;;;;;;;;;;;;;;;https://static.wikia.nocookie.net/tibia/images/2/21/Sleep_Shawl.gif/revision/latest?cb=20181107123138&path-prefix=en;;;
Amulet;Star Amulet ;amulet;1;;6.10;;no;no;no;no;;;;;;;;;;;;;;;;;;;;;;;;;https://static.wikia.nocookie.net/tibia/images/f/f4/Star_Amulet.gif/revision/latest?cb=20050614185030&path-prefix=en;;;
Amulet;Stone Skin Amulet ;amulet;;;7.00 ;;no;no;no;no;;;;;;;;;;physical +80%, death +80% ;;;;;;;;;;;;;;;https://static.wikia.nocookie.net/tibia/images/3/38/Stone_Skin_Amulet.gif/revision/latest?cb=20120411043545&path-prefix=en;;;
Amulet;Strange Amulet ;amulet;1;;6.00 ;;no;no;no;no;;;;;;;;;;;;;;;;;;;;;;;;;https://static.wikia.nocookie.net/tibia/images/8/83/Strange_Amulet.gif/revision/latest?cb=20141205151333&path-prefix=en;;;
Amulet;Strange Talisman ;amulet;;;2.90 ;;no;no;no;no;;;;;;;;;;energy +10% ;;;;;;;;;;;;;;;https://static.wikia.nocookie.net/tibia/images/6/66/Strange_Talisman.gif/revision/latest?cb=20210713185445&path-prefix=en;;;
Amulet;Suspicious Device ;amulet;1;;10.00 ;;no;no;no;no;;;;;;;;;;;;;;;;;;;;;;;;;https://static.wikia.nocookie.net/tibia/images/b/b1/Suspicious_Device.gif/revision/latest?cb=20171108161856&path-prefix=en;;;
Amulet;Terra Amulet ;amulet;;60;5.00 ;;no;no;no;no;;;;;;;;;;earth +20%, fire -10% ;;;;;;;;;;;;;;;https://static.wikia.nocookie.net/tibia/images/e/ed/Terra_Amulet.gif/revision/latest?cb=20071215050422&path-prefix=en;;;
Amulet;The Cobra Amulet ;amulet;;250;5.30 ;;no;no;no;no;4;;;;;;;;;death +9% ;;;;;;;;;;;;;;;https://static.wikia.nocookie.net/tibia/images/5/57/The_Cobra_Amulet.gif/revision/latest?cb=20190701193850&path-prefix=en;;;
Amulet;The Eye of Suon ;amulet;1;;6.00 ;;no;no;no;no;;;;;;;;;;;;;;;;;;;;;;;;;https://static.wikia.nocookie.net/tibia/images/5/50/The_Eye_of_Suon.gif/revision/latest?cb=20210526224018&path-prefix=en;;;
Amulet;The Lion's Heart ;amulet;1;;2.00 ;;no;no;no;no;;;;;;;;;;;;;;;;;;;;;;;;;https://static.wikia.nocookie.net/tibia/images/c/c9/The_Lion%27s_Heart.gif/revision/latest?cb=20141124102246&path-prefix=en;;;
Amulet;Traditional Gamsbart Hat ;amulet;1;;2.50 ;;no;no;no;no;;;;;;;;;;;;;;;;;;;;;;;;;https://static.wikia.nocookie.net/tibia/images/6/6a/Traditional_Gamsbart_Hat.gif/revision/latest?cb=20191009142235&path-prefix=en;;;
Amulet;Traditional Neckerchief ;amulet;1;;1.50 ;;no;no;no;no;;;;;;;;;;;;;;;;;;;;;;;;;https://static.wikia.nocookie.net/tibia/images/1/1a/Traditional_Neckerchief.gif/revision/latest?cb=20191009142236&path-prefix=en;;;
Amulet;Turtle Amulet ;amulet;1;200;4.80 ;knights ;yes;no;no;no;;;;;;;;;;;;;;;;;;;;;;;;;https://static.wikia.nocookie.net/tibia/images/c/cb/Turtle_Amulet.gif/revision/latest?cb=20220621153204&path-prefix=en;;;
Amulet;Wailing Widow's Necklace ;amulet;1;;5.40 ;;no;no;no;no;;;;;;;;;;;;;;;;;;;;;;;;;https://static.wikia.nocookie.net/tibia/images/c/c3/Wailing_Widow%27s_Necklace.gif/revision/latest?cb=20091202003245&path-prefix=en;;;
Amulet;Werewolf Amulet ;amulet;1;;5.50 ;;no;no;no;no;;;;;;;;;;;;;;;;;;;;;;;;;https://static.wikia.nocookie.net/tibia/images/b/bb/Werewolf_Amulet.gif/revision/latest?cb=20150624114533&path-prefix=en;;;
Amulet;Wolf Tooth Chain ;amulet;1;;3.30 ;;no;no;no;no;;;;;;;;;;;;;;;;;;;;;;;;;https://static.wikia.nocookie.net/tibia/images/c/cf/Wolf_Tooth_Chain.gif/revision/latest?cb=20210713185447&path-prefix=en;;;
Helmet;Alicorn Headguard;helmet;;400;39.00;paladins;no;yes;no;no;11;;;;;;;distance fighting +3;2;fire +5%, earth +5%, energy +5%, ice +5%, holy +5%, death +5%, physical +5%;5;5;5;5;5;5;5;;;;;;;;https://static.wikia.nocookie.net/tibia/images/9/95/Alicorn_Headguard.gif/revision/latest?cb=20220630021524&path-prefix=en;;;
Helmet;Amazon Helmet;helmet;;;29.50;;no;no;no;no;7;;;;;;;;2;;;;;;;;;;;;;;;;https://static.wikia.nocookie.net/tibia/images/b/bd/Amazon_Helmet.gif/revision/latest?cb=20120726135747&path-prefix=en;;;
Helmet;Ancient Tiara;helmet;1;;8.20;;no;no;no;no;0;;;;;;;;2;;;;;;;;;;;;;;;;https://static.wikia.nocookie.net/tibia/images/b/bb/Ancient_Tiara.gif/revision/latest?cb=20060222192731&path-prefix=en;;;
Helmet;Antler-Horn Helmet;helmet;;250;22.00;knights;yes;no;no;no;9;;;;;;;sword fighting +1, axe fighting +1, club fighting +1;2;physical +3%, ice +7%;;3;;;;;7;;;;;;;;https://static.wikia.nocookie.net/tibia/images/7/78/Antler-Horn_Helmet.gif/revision/latest?cb=20221108174936&path-prefix=en;;;
Helmet;Arboreal Crown;helmet;;400;12.00;druids;no;no;no;yes;9;;;;;;;magic level +3;2;physical +2%, ice +9%;;2;;;;;9;;;;;;;;https://static.wikia.nocookie.net/tibia/images/8/86/Arboreal_Crown.gif/revision/latest?cb=20220630021504&path-prefix=en;;;
Helmet;Arcanomancer Regalia;helmet;;400;15.00;sorcerers;no;no;yes;no;9;;;;;;;magic level +3;2;physical +3%, earth +7%;;3;;;;7;;;;;;;;;https://static.wikia.nocookie.net/tibia/images/b/b1/Arcanomancer_Regalia.gif/revision/latest?cb=20220630021445&path-prefix=en;;;
Helmet;Bandana;helmet;1;;8.50;;no;no;no;no;1;;;;;;;;;;;;;;;;;;;;;;;;https://static.wikia.nocookie.net/tibia/images/a/a2/Bandana.gif/revision/latest?cb=20170904200448&path-prefix=en;;;
Helmet;Batwing Hat;helmet;;50;6.00;sorcerers and druids;no;no;yes;yes;3;;;;;;;magic level +1;1;;;;;;;;;;;;;;;;https://static.wikia.nocookie.net/tibia/images/4/47/Batwing_Hat.gif/revision/latest?cb=20170904200612&path-prefix=en;;;
Helmet;Blue Spectacles;helmet;1;;2.50;;no;no;no;no;0;;;;;;;;;;;;;;;;;;;;;;;;https://static.wikia.nocookie.net/tibia/images/4/44/Blue_Spectacles.gif/revision/latest?cb=20171205105749&path-prefix=en;;;
Helmet;Bonelord Helmet;helmet;;;46.00;;no;no;no;no;7;;;;;;;;2;;;;;;;;;;;;;;;;https://static.wikia.nocookie.net/tibia/images/b/b0/Bonelord_Helmet.gif/revision/latest?cb=20051228162517&path-prefix=en;;;
Helmet;Brass Button;helmet;1;;12.50;;no;no;no;no;;;;;;;;;;;;;;;;;;;;;;;;;https://static.wikia.nocookie.net/tibia/images/d/d3/Brass_Button.gif/revision/latest?cb=20220107160519&path-prefix=en;;;
Helmet;Brass Helmet;helmet;;;27.00;;no;no;no;no;3;;;;;;;;;;;;;;;;;;;;;;;;https://static.wikia.nocookie.net/tibia/images/d/dc/Brass_Helmet.gif/revision/latest?cb=20051204105435&path-prefix=en;;;
Helmet;Bridal Wreath;helmet;1;;1.00;;no;no;no;no;0;;;;;;;;;;;;;;;;;;;;;;;;https://static.wikia.nocookie.net/tibia/images/c/cb/Bridal_Wreath.gif/revision/latest?cb=20220107174729&path-prefix=en;;;
Helmet;Broken Iks Headpiece;helmet;1;;9.00;;no;no;no;no;1;;;;;;;;;;;;;;;;;;;;;;;;https://static.wikia.nocookie.net/tibia/images/3/31/Broken_Iks_Headpiece.gif/revision/latest?cb=20221108174942&path-prefix=en;;;
Helmet;Broken Visor;helmet;1;;14.00;;no;no;no;no;1;;;;;;;;;;;;;;;;;;;;;;;;https://static.wikia.nocookie.net/tibia/images/9/9e/Broken_Visor.gif/revision/latest?cb=20131126171926&path-prefix=en;;;
Helmet;Ceremonial Mask;helmet;1;;40.00;;no;no;no;no;9;;;;;;;;;;;;;;;;;;;;;;;;https://static.wikia.nocookie.net/tibia/images/e/e1/Ceremonial_Mask.gif/revision/latest?cb=20171114000521&path-prefix=en;;;
Helmet;Chain Helmet;helmet;;;42.00;;no;no;no;no;2;;;;;;;;;;;;;;;;;;;;;;;;https://static.wikia.nocookie.net/tibia/images/8/88/Chain_Helmet.gif/revision/latest?cb=20170904200721&path-prefix=en;;;
Helmet;Charmer's Tiara;helmet;;;22.00;;no;no;no;no;2;;;;;;;;;;;;;;;;;;;;;;;;https://static.wikia.nocookie.net/tibia/images/6/6c/Charmer%27s_Tiara.gif/revision/latest?cb=20060804184642&path-prefix=en;;;
Helmet;Cobra Crown;helmet;;;8.50;sorcerers and druids;no;no;yes;yes;3;;;;;;;magic level +2;;earth +5%, fire -5%;-5;;;;;5;;;;;;;;;https://static.wikia.nocookie.net/tibia/images/a/a2/Cobra_Crown.gif/revision/latest?cb=20101126232120&path-prefix=en;;;
Helmet;Cobra Hood;helmet;;270;27.00;knights;yes;no;no;no;9;;;;;;;sword fighting +1, club fighting +1, axe fighting +1;2;physical +5%;;5;;;;;;;;;;;;;https://static.wikia.nocookie.net/tibia/images/5/5b/Cobra_Hood.gif/revision/latest?cb=20190701193331&path-prefix=en;;;
Helmet;Crest of the Deep Seas;helmet;;80;45.00;;no;no;no;no;7;;;;;;;speed +5;;ice +5%;;;;;;;5;;;;;;;;https://static.wikia.nocookie.net/tibia/images/0/03/Crest_of_the_Deep_Seas.gif/revision/latest?cb=20141127150245&path-prefix=en;;;
Helmet;Crown Helmet;helmet;;;29.50;;no;no;no;no;7;;;;;;;;2;;;;;;;;;;;;;;;;https://static.wikia.nocookie.net/tibia/images/c/cc/Crown_Helmet.gif/revision/latest?cb=20051004233810&path-prefix=en;;;
Helmet;Crown;helmet;1;;19.00;;no;no;no;no;0;;;;;;;;;;;;;;;;;;;;;;;;https://static.wikia.nocookie.net/tibia/images/d/d5/Crown.gif/revision/latest?cb=20051003133453&path-prefix=en;;;
Helmet;Crusader Helmet;helmet;;;52.00;;no;no;no;no;8;;;;;;;;2;;;;;;;;;;;;;;;;https://static.wikia.nocookie.net/tibia/images/6/6a/Crusader_Helmet.gif/revision/latest?cb=20050531092848&path-prefix=en;;;
Helmet;Damaged Helmet;helmet;1;;18.00;;no;no;no;no;5;;;;;;;;;;;;;;;;;;;;;;;;https://static.wikia.nocookie.net/tibia/images/3/34/Damaged_Helmet.gif/revision/latest?cb=20180203191251&path-prefix=en;;;
Helmet;Dark Helmet;helmet;;;46.00;;no;no;no;no;6;;;;;;;;;;;;;;;;;;;;;;;;https://static.wikia.nocookie.net/tibia/images/0/09/Dark_Helmet.gif/revision/latest?cb=20170904200812&path-prefix=en;;;
Helmet;Dark Whispers;helmet;;180;34.00;paladins;no;yes;no;no;7;;;;;;;distance fighting +2;2;ice +3%;;;;;;;3;;;;;;;;https://static.wikia.nocookie.net/tibia/images/0/04/Dark_Whispers.gif/revision/latest?cb=20181107131746&path-prefix=en;;;
Helmet;Dark Wizard's Crown (Activated);helmet;1;;6.66;;no;no;no;no;;;;;;;;;;;;;;;;;;;;;;;;;https://static.wikia.nocookie.net/tibia/images/b/bc/Dark_Wizard%27s_Crown_%28Activated%29.gif/revision/latest?cb=20150930212757&path-prefix=en;;;
Helmet;Dark Wizard's Crown;helmet;1;;6.66;;no;no;no;no;;;;;;;;;;;;;;;;;;;;;;;;;https://static.wikia.nocookie.net/tibia/images/2/21/Dark_Wizard%27s_Crown.gif/revision/latest?cb=20150930205355&path-prefix=en;;;
Helmet;Demon Helmet;helmet;;;29.50;;no;no;no;no;10;;;;;;;;2;;;;;;;;;;;;;;;;https://static.wikia.nocookie.net/tibia/images/4/4e/Demon_Helmet.gif/revision/latest?cb=20050611022335&path-prefix=en;;;
Helmet;Depth Galea;helmet;;150;46.00;;no;no;no;no;8;;;;;;;;;drowning +100%;;;;;;;;;;100;;;;;https://static.wikia.nocookie.net/tibia/images/d/dc/Depth_Galea.gif/revision/latest?cb=20111201005847&path-prefix=en;;;
Helmet;Devil Helmet;helmet;;;50.00;;no;no;no;no;7;;;;;;;;;;;;;;;;;;;;;;;;https://static.wikia.nocookie.net/tibia/images/b/bf/Devil_Helmet.gif/revision/latest?cb=20170904200901&path-prefix=en;;;
Helmet;Dragon Scale Helmet;helmet;;;32.50;;no;no;no;no;9;;;;;;;;;;;;;;;;;;;;;;;;https://static.wikia.nocookie.net/tibia/images/f/f8/Dragon_Scale_Helmet.gif/revision/latest?cb=20060912030536&path-prefix=en;;;
Helmet;Dwarven Helmet;helmet;;;42.00;;no;no;no;no;6;;;;;;;;2;physical +2%;;2;;;;;;;;;;;;;https://static.wikia.nocookie.net/tibia/images/b/b9/Dwarven_Helmet.gif/revision/latest?cb=20060222135025&path-prefix=en;;;
Helmet;Eldritch Cowl;helmet;;250;26.00;sorcerers;no;no;yes;no;7;;;;;;;magic level +2;2;ice +7%;;;;;;;7;;;;;;;;https://static.wikia.nocookie.net/tibia/images/1/1c/Eldritch_Cowl.gif/revision/latest?cb=20210526222854&path-prefix=en;;;
Helmet;Eldritch Hood;helmet;;250;27.00;druids;no;no;no;yes;7;;;;;;;magic level +2;2;earth +7%;;;;;;7;;;;;;;;;https://static.wikia.nocookie.net/tibia/images/7/75/Eldritch_Hood.gif/revision/latest?cb=20210526222858&path-prefix=en;;;
Helmet;Elite Draken Helmet;helmet;;100;43.00;paladins;no;yes;no;no;9;;;;;;;distance fighting +1;1;death +3%;;;3;;;;;;;;;;;;https://static.wikia.nocookie.net/tibia/images/c/c6/Elite_Draken_Helmet.gif/revision/latest?cb=20100630203749&path-prefix=en;;;
Helmet;Enchanted Werewolf Helmet (Axe);helmet;;100;25.00;knights;yes;no;no;no;9;;;;;;;axe fighting +1;;physical +4%;;4;;;;;;;;;;;;;https://static.wikia.nocookie.net/tibia/images/0/03/Enchanted_Werewolf_Helmet.gif/revision/latest?cb=20150906202916&path-prefix=en;;;
Helmet;Enchanted Werewolf Helmet (Club);helmet;;100;25.00;knights;yes;no;no;no;9;;;;;;;club fighting +1;;physical +4%;;4;;;;;;;;;;;;;https://static.wikia.nocookie.net/tibia/images/0/03/Enchanted_Werewolf_Helmet.gif/revision/latest?cb=20150906202916&path-prefix=en;;;
Helmet;Enchanted Werewolf Helmet (Distance);helmet;;100;25.00;paladins;no;yes;no;no;9;;;;;;;distance fighting +1;;physical +4%;;4;;;;;;;;;;;;;https://static.wikia.nocookie.net/tibia/images/0/03/Enchanted_Werewolf_Helmet.gif/revision/latest?cb=20150906202916&path-prefix=en;;;
Helmet;Enchanted Werewolf Helmet (Magic);helmet;;100;25.00;sorcerers and druids;no;no;yes;yes;9;;;;;;;magic level +1;;physical +4%;;4;;;;;;;;;;;;;https://static.wikia.nocookie.net/tibia/images/0/03/Enchanted_Werewolf_Helmet.gif/revision/latest?cb=20150906202916&path-prefix=en;;;
Helmet;Enchanted Werewolf Helmet (Sword);helmet;;100;25.00;knights;yes;no;no;no;9;;;;;;;sword fighting +1;;physical +4%;;4;;;;;;;;;;;;;https://static.wikia.nocookie.net/tibia/images/0/03/Enchanted_Werewolf_Helmet.gif/revision/latest?cb=20150906202916&path-prefix=en;;;
Helmet;Falcon Circlet;helmet;;300;13.00;sorcerers and druids;no;no;yes;yes;8;;;;;;;magic level +2;2;fire +9%;9;;;;;;;;;;;;;;https://static.wikia.nocookie.net/tibia/images/6/65/Falcon_Circlet.gif/revision/latest?cb=20180605182034&path-prefix=en;;;
Helmet;Falcon Coif;helmet;;300;28.00;knights and paladins;yes;yes;no;no;10;;;;;;;distance fighting +2, shielding +2;2;physical +3%, fire +10%;10;3;;;;;;;;;;;;;https://static.wikia.nocookie.net/tibia/images/b/b9/Falcon_Coif.gif/revision/latest?cb=20180605182034&path-prefix=en;;;
Helmet;Feather Headdress;helmet;1;;21.00;;no;no;no;no;2;;;;;;;;;;;;;;;;;;;;;;;;https://static.wikia.nocookie.net/tibia/images/a/a2/Feather_Headdress.gif/revision/latest?cb=20051217163003&path-prefix=en;;;
Helmet;Ferumbras' Candy Hat;helmet;1;;8.50;;no;no;no;no;1;;;;;;;;;;;;;;;;;;;;;;;;https://static.wikia.nocookie.net/tibia/images/b/b6/Ferumbras%27_Candy_Hat.gif/revision/latest?cb=20161108195933&path-prefix=en;;;
Helmet;Ferumbras' Hat;helmet;1;;8.50;;no;no;no;no;1;;;;;;;;;;;;;;;;;;;;;;;;https://static.wikia.nocookie.net/tibia/images/8/8f/Ferumbras%27_Hat.gif/revision/latest?cb=20170904201002&path-prefix=en;;;
Helmet;Flower Wreath;helmet;;;5.00;;no;no;no;no;0;;;;;;;;;;;;;;;;;;;;;;;;https://static.wikia.nocookie.net/tibia/images/6/6e/Flower_Wreath.gif/revision/latest?cb=20090601123257&path-prefix=en;;;
Helmet;Fur Cap;helmet;;;18.00;;no;no;no;no;3;;;;;;;;2;;;;;;;;;;;;;;;;https://static.wikia.nocookie.net/tibia/images/1/13/Fur_Cap.gif/revision/latest?cb=20170904201108&path-prefix=en;;;
Helmet;Galea Mortis;helmet;;220;23.00;sorcerers;no;no;yes;no;7;;;;;;;magic level +2;2;death +6%, holy -3%;;;6;-3;;;;;;;;;;;https://static.wikia.nocookie.net/tibia/images/3/34/Galea_Mortis.gif/revision/latest?cb=20190701193451&path-prefix=en;;;
Helmet;Gill Gugel;helmet;;150;9.00;sorcerers and druids;no;no;yes;yes;5;;;;;;;magic level +2;;earth +6%, fire -6%;-6;;;;;6;;;;;;;;;https://static.wikia.nocookie.net/tibia/images/2/24/Gill_Gugel.gif/revision/latest?cb=20120622174234&path-prefix=en;;;
Helmet;Glacier Mask;helmet;;;10.00;sorcerers and druids;no;no;yes;yes;5;;;;;;;;;ice +4%, energy -5%;;;;;-5;;4;;;;;;;;https://static.wikia.nocookie.net/tibia/images/1/11/Glacier_Mask.gif/revision/latest?cb=20071217004014&path-prefix=en;;;
Helmet;Gnome Helmet;helmet;;200;24.00;sorcerers and druids;no;no;yes;yes;7;;;;;;;magic level +2;2;energy +8%, physical +3%, ice -2%;;3;;;8;;-2;;;;;;;;https://static.wikia.nocookie.net/tibia/images/9/97/Gnome_Helmet.gif/revision/latest?cb=20171108141047&path-prefix=en;;;
Helmet;Golden Crown;helmet;1;;20.00;;no;no;no;no;0;;;;;;;;;;;;;;;;;;;;;;;;https://static.wikia.nocookie.net/tibia/images/7/7f/Golden_Crown.gif/revision/latest?cb=20200419223514&path-prefix=en;;;
Helmet;Golden Helmet;helmet;;;32.00;;no;no;no;no;12;;;;;;;;2;;;;;;;;;;;;;;;;https://static.wikia.nocookie.net/tibia/images/6/60/Golden_Helmet.gif/revision/latest?cb=20050530002925&path-prefix=en;;;
Helmet;Golden Horned Helmet;helmet;1;;51.00;;no;no;no;no;0;;;;;;;;;;;;;;;;;;;;;;;;https://static.wikia.nocookie.net/tibia/images/0/0a/Golden_Horned_Helmet.gif/revision/latest?cb=20211012140408&path-prefix=en;;;
Helmet;Green Demon Helmet;helmet;;;29.50;;no;no;no;no;10;;;;;;;;2;;;;;;;;;;;;;;;;https://static.wikia.nocookie.net/tibia/images/1/1e/Green_Demon_Helmet.gif/revision/latest?cb=20220107160523&path-prefix=en;;;
Helmet;Gryphon Mask;helmet;1;;20.00;;no;no;no;no;;;;;;;;;;;;;;;;;;;;;;;;;https://static.wikia.nocookie.net/tibia/images/5/5f/Gryphon_Mask.gif/revision/latest?cb=20190701193456&path-prefix=en;;;
Helmet;Hat of the Mad;helmet;;;7.00;sorcerers and druids;no;no;yes;yes;3;;;;;;;magic level +1;1;;;;;;;;;;;;;;;;https://static.wikia.nocookie.net/tibia/images/c/c7/Hat_of_the_Mad.gif/revision/latest?cb=20170904201451&path-prefix=en;;;
Helmet;Helmet of Nature;helmet;1;;11.00;;no;no;no;no;3;;;;;;;;2;;;;;;;;;;;;;;;;https://static.wikia.nocookie.net/tibia/images/6/65/Helmet_of_Nature.gif/revision/latest?cb=20090702110746&path-prefix=en;;;
Helmet;Helmet of Ultimate Terror;helmet;1;;12.50;;no;no;no;no;3;;;;;;;;2;;;;;;;;;;;;;;;;https://static.wikia.nocookie.net/tibia/images/0/09/Helmet_of_Ultimate_Terror.gif/revision/latest?cb=20190808171849&path-prefix=en;;;
Helmet;Helmet of the Ancients (Enchanted);helmet;;;27.60;;no;no;no;no;11;;;;;;;;;;;;;;;;;;;;;;;;https://static.wikia.nocookie.net/tibia/images/d/d7/Helmet_of_the_Ancients_%28Enchanted%29.gif/revision/latest?cb=20050611163550&path-prefix=en;;;
Helmet;Helmet of the Ancients;helmet;;;27.60;;no;no;no;no;8;;;;;;;;;;;;;;;;;;;;;;;;https://static.wikia.nocookie.net/tibia/images/a/af/Helmet_of_the_Ancients.gif/revision/latest?cb=20060527110606&path-prefix=en;;;
Helmet;Helmet of the Deep;helmet;;;210.00;;no;no;no;no;2;;;;;;;;;drowning +100%;;;;;;;;;;100;;;;;https://static.wikia.nocookie.net/tibia/images/3/39/Helmet_of_the_Deep.gif/revision/latest?cb=20170904201645&path-prefix=en;;;
Helmet;Helmet of the Lost;helmet;;;35.00;;no;no;no;no;7;;;;;;;;2;;;;;;;;;;;;;;;;https://static.wikia.nocookie.net/tibia/images/2/23/Helmet_of_the_Lost.gif/revision/latest?cb=20121129191607&path-prefix=en;;;
Helmet;Horned Helmet;helmet;;;51.00;;no;no;no;no;11;;;;;;;;;;;;;;;;;;;;;;;;https://static.wikia.nocookie.net/tibia/images/1/1a/Horned_Helmet.gif/revision/latest?cb=20050611164913&path-prefix=en;;;
Helmet;Horseman Helmet;helmet;;;42.00;;no;no;no;no;6;;;;;;;;;;;;;;;;;;;;;;;;https://static.wikia.nocookie.net/tibia/images/7/79/Horseman_Helmet.gif/revision/latest?cb=20050921195213&path-prefix=en;;;
Helmet;Incandescent Crown;helmet;;;10.00;;no;no;no;no;0;;;;;;;;;;;;;;;;;;;;;;;;https://static.wikia.nocookie.net/tibia/images/e/e6/Incandescent_Crown.gif/revision/latest?cb=20170730140333&path-prefix=en;;;
Helmet;Iron Crown;helmet;;;10.00;;no;no;no;no;0;;;;;;;;;;;;;;;;;;;;;;;;https://static.wikia.nocookie.net/tibia/images/c/c6/Iron_Crown.gif/revision/latest?cb=20170730140227&path-prefix=en;;;
Helmet;Iron Helmet;helmet;;;30.00;;no;no;no;no;5;;;;;;;;;;;;;;;;;;;;;;;;https://static.wikia.nocookie.net/tibia/images/9/95/Iron_Helmet.gif/revision/latest?cb=20120403180648&path-prefix=en;;;
Helmet;Jade Hat;helmet;;60;9.00;sorcerers and druids;no;no;yes;yes;4;;;;;;;magic level +1;1;;;;;;;;;;;;;;;;https://static.wikia.nocookie.net/tibia/images/5/52/Jade_Hat.gif/revision/latest?cb=20091129024210&path-prefix=en;;;
Helmet;Jester Hat;helmet;1;;10.00;;no;no;no;no;1;;;;;;;;;;;;;;;;;;;;;;;;https://static.wikia.nocookie.net/tibia/images/7/70/Jester_Hat.gif/revision/latest?cb=20071205231745&path-prefix=en;;;
Helmet;Krimhorn Helmet;helmet;;;51.00;;no;no;no;no;6;;;;;;;;;;;;;;;;;;;;;;;;https://static.wikia.nocookie.net/tibia/images/9/98/Krimhorn_Helmet.gif/revision/latest?cb=20070622213248&path-prefix=en;;;
Helmet;Laurel Wreath;helmet;1;;9.00;;no;no;no;no;0;;;;;;;;;;;;;;;;;;;;;;;;https://static.wikia.nocookie.net/tibia/images/0/00/Laurel_Wreath.gif/revision/latest?cb=20111204173013&path-prefix=en;;;
Helmet;Leaf Crown;helmet;1;;5.00;;no;no;no;no;0;;;;;;;;;;;;;;;;;;;;;;;;https://static.wikia.nocookie.net/tibia/images/d/db/Leaf_Crown.gif/revision/latest?cb=20170730135951&path-prefix=en;;;
Helmet;Leather Helmet;helmet;;;22.00;;no;no;no;no;1;;;;;;;;;;;;;;;;;;;;;;;;https://static.wikia.nocookie.net/tibia/images/2/29/Leather_Helmet.gif/revision/latest?cb=20050601144039&path-prefix=en;;;
Helmet;Legion Helmet;helmet;;;31.00;;no;no;no;no;4;;;;;;;;;;;;;;;;;;;;;;;;https://static.wikia.nocookie.net/tibia/images/c/c7/Legion_Helmet.gif/revision/latest?cb=20050808112038&path-prefix=en;;;
Helmet;Lightning Headband;helmet;;;10.00;sorcerers and druids;no;no;yes;yes;5;;;;;;;;;energy +4%, earth -5%;;;;;4;-5;;;;;;;;;https://static.wikia.nocookie.net/tibia/images/3/30/Lightning_Headband.gif/revision/latest?cb=20071218060610&path-prefix=en;;;
Helmet;Lion Spangenhelm;helmet;;230;30.00;paladins;no;yes;no;no;7;;;;;;;distance fighting +2;2;physical +3%, earth +5%;;3;;;;5;;;;;;;;;https://static.wikia.nocookie.net/tibia/images/8/86/Lion_Spangenhelm.gif/revision/latest?cb=20200611034242&path-prefix=en;;;
Helmet;Mage Hat;helmet;;;9.00;sorcerers and druids;no;no;yes;yes;3;;;;;;;;2;;;;;;;;;;;;;;;;https://static.wikia.nocookie.net/tibia/images/d/d9/Mage_Hat.gif/revision/latest?cb=20170904201805&path-prefix=en;;;
Helmet;Mage's Cap;helmet;;;10.00;sorcerers and druids;no;no;yes;yes;3;;;;;;;;;fire +4%;4;;;;;;;;;;;;;;https://static.wikia.nocookie.net/tibia/images/2/22/Mage%27s_Cap.gif/revision/latest?cb=20110701105322&path-prefix=en;;;
Helmet;Magician Hat;helmet;;;7.50;;no;no;no;no;1;;;;;;;;2;;;;;;;;;;;;;;;;https://static.wikia.nocookie.net/tibia/images/6/6a/Magician_Hat.gif/revision/latest?cb=20120726135834&path-prefix=en;;;
Helmet;Magma Monocle;helmet;;;10.00;sorcerers and druids;no;no;yes;yes;5;;;;;;;;;fire +4%, ice -5%;4;;;;;;-5;;;;;;;;https://static.wikia.nocookie.net/tibia/images/c/c5/Magma_Monocle.gif/revision/latest?cb=20071215072656&path-prefix=en;;;
Helmet;Mighty Helm of Green Sparks;helmet;;;46.00;;no;no;no;no;6;;;;;;;;;;;;;;;;;;;;;;;;https://static.wikia.nocookie.net/tibia/images/e/e8/Mighty_Helm_of_Green_Sparks.gif/revision/latest?cb=20090625165541&path-prefix=en;;;
Helmet;Mining Helmet;helmet;1;;7.00;;no;no;no;no;1;;;;;;;;;;;;;;;;;;;;;;;;https://static.wikia.nocookie.net/tibia/images/5/5c/Mining_Helmet.gif/revision/latest?cb=20141213104641&path-prefix=en;;;
Helmet;Mystic Turban;helmet;;;8.50;;no;no;no;no;1;;;;;;;;;;;;;;;;;;;;;;;;https://static.wikia.nocookie.net/tibia/images/9/9c/Mystic_Turban.gif/revision/latest?cb=20120726135558&path-prefix=en;;;
Helmet;Odd Hat;helmet;1;;7.00;;no;no;no;no;5;;;;;;;;2;;;;;;;;;;;;;;;;https://static.wikia.nocookie.net/tibia/images/f/fc/Odd_Hat.gif/revision/latest?cb=20090627170416&path-prefix=en;;;
Helmet;Pair of Earmuffs;helmet;;;5.00;;no;no;no;no;0;;;;;;;;;ice +2%;;;;;;;2;;;;;;;;https://static.wikia.nocookie.net/tibia/images/4/45/Pair_of_Earmuffs.gif/revision/latest?cb=20170904201145&path-prefix=en;;;
Helmet;Party Hat;helmet;1;;7.50;;no;no;no;no;1;;;;;;;;;;;;;;;;;;;;;;;;https://static.wikia.nocookie.net/tibia/images/4/42/Party_Hat.gif/revision/latest?cb=20070109011716&path-prefix=en;;;
Helmet;Pirate Hat;helmet;1;;12.50;;no;no;no;no;3;;;;;;;;;;;;;;;;;;;;;;;;https://static.wikia.nocookie.net/tibia/images/1/15/Pirate_Hat.gif/revision/latest?cb=20170904201324&path-prefix=en;;;
Helmet;Porcelain Mask;helmet;;;4.50;;no;no;no;no;1;;;;;;;;;mana drain +10%;;;;;;;;10;;;;;;;https://static.wikia.nocookie.net/tibia/images/2/2c/Porcelain_Mask.gif/revision/latest?cb=20161108200043&path-prefix=en;;;
Helmet;Post Officer's Hat;helmet;;;7.00;;no;no;no;no;1;;;;;;;;;;;;;;;;;;;;;;;;https://static.wikia.nocookie.net/tibia/images/d/d0/Post_Officer%27s_Hat.gif/revision/latest?cb=20050610024446&path-prefix=en;;;
Helmet;Prismatic Helmet;helmet;;150;56.00;knights;yes;no;no;no;9;;;;;;;shielding +1;;physical +5%;;5;;;;;;;;;;;;;https://static.wikia.nocookie.net/tibia/images/6/68/Prismatic_Helmet.gif/revision/latest?cb=20120622164102&path-prefix=en;;;
Helmet;Ragnir Helmet;helmet;;;31.00;;no;no;no;no;6;;;;;;;;;;;;;;;;;;;;;;;;https://static.wikia.nocookie.net/tibia/images/4/4d/Ragnir_Helmet.gif/revision/latest?cb=20070622213150&path-prefix=en;;;
Helmet;Reflecting Crown;helmet;1;;5.00;;no;no;no;no;0;;;;;;;;;;;;;;;;;;;;;;;;https://static.wikia.nocookie.net/tibia/images/1/14/Reflecting_Crown.gif/revision/latest?cb=20170730140452&path-prefix=en;;;
Helmet;Royal Helmet;helmet;;;48.00;;no;no;no;no;9;;;;;;;;2;;;;;;;;;;;;;;;;https://static.wikia.nocookie.net/tibia/images/9/9e/Royal_Helmet.gif/revision/latest?cb=20070626214908&path-prefix=en;;;
Helmet;Rubber Cap;helmet;;70;8.00;sorcerers and druids;no;no;yes;yes;5;;;;;;;magic level +1;;earth +3%, fire -3%;-3;;;;;3;;;;;;;;;https://static.wikia.nocookie.net/tibia/images/2/2c/Rubber_Cap.gif/revision/latest?cb=20140613223150&path-prefix=en;;;
Helmet;Rusty Winged Helmet;helmet;1;;12.00;;no;no;no;no;2;;;;;;;;;;;;;;;;;;;;;;;;https://static.wikia.nocookie.net/tibia/images/6/6d/Rusty_Winged_Helmet.gif/revision/latest?cb=20161108195935&path-prefix=en;;;
Helmet;Santa Hat;helmet;1;;7.50;;no;no;no;no;1;;;;;;;;;;;;;;;;;;;;;;;;https://static.wikia.nocookie.net/tibia/images/e/e4/Santa_Hat.gif/revision/latest?cb=20061211204907&path-prefix=en;;;
Helmet;Sedge Hat;helmet;1;;18.00;;no;no;no;no;2;;;;;;;;;;;;;;;;;;;;;;;;https://static.wikia.nocookie.net/tibia/images/6/62/Sedge_Hat.gif/revision/latest?cb=20100823162121&path-prefix=en;;;
Helmet;Shamanic Mask;helmet;1;;31.00;;no;no;no;no;4;;;;;;;;2;;;;;;;;;;;;;;;;https://static.wikia.nocookie.net/tibia/images/4/40/Shamanic_Mask.gif/revision/latest?cb=20151113115126&path-prefix=en;;;
Helmet;Shroud of Despair;helmet;;150;34.00;;no;no;no;no;7;;;;;;;;;death +3%;;;3;;;;;;;;;;;;https://static.wikia.nocookie.net/tibia/images/3/3c/Shroud_of_Despair.gif/revision/latest?cb=20151112195350&path-prefix=en;;;
Helmet;Silver Mask;helmet;1;;32.00;;no;no;no;no;;;;;;;;;;;;;;;;;;;;;;;;;https://static.wikia.nocookie.net/tibia/images/7/7a/Silver_Mask.gif/revision/latest?cb=20190701193755&path-prefix=en;;;
Helmet;Skull Helmet;helmet;;;42.00;;no;no;no;no;9;;;;;;;;2;;;;;;;;;;;;;;;;https://static.wikia.nocookie.net/tibia/images/1/11/Skull_Helmet.gif/revision/latest?cb=20170904201922&path-prefix=en;;;
Helmet;Soldier Helmet;helmet;;;32.00;;no;no;no;no;5;;;;;;;;;;;;;;;;;;;;;;;;https://static.wikia.nocookie.net/tibia/images/8/8e/Soldier_Helmet.gif/revision/latest?cb=20050531202841&path-prefix=en;;;
Helmet;Spiritthorn Helmet;helmet;;400;44.00;knights;yes;no;no;no;12;;;;;;;sword fighting +3, axe fighting +3, club fighting +3, 13 damage reflection;2;physical +6%, energy +10%;;6;;;10;;;;;;;;;;https://static.wikia.nocookie.net/tibia/images/3/3e/Spiritthorn_Helmet.gif/revision/latest?cb=20220718142718&path-prefix=en;;;
Helmet;Spooky Hood;helmet;1;;12.50;;no;no;no;no;;;;;;;;;;;;;;;;;;;;;;;;;https://static.wikia.nocookie.net/tibia/images/1/1c/Spooky_Hood.gif/revision/latest?cb=20191113131239&path-prefix=en;;;
Helmet;Steel Helmet;helmet;;;46.00;;no;no;no;no;6;;;;;;;;;;;;;;;;;;;;;;;;https://static.wikia.nocookie.net/tibia/images/c/cd/Steel_Helmet.gif/revision/latest?cb=20050531085331&path-prefix=en;;;
Helmet;Stoic Iks Casque;helmet;;250;35.00;paladins;no;yes;no;no;8;;;;;;;distance fighting +2 Augments: Divine Missile -> Strong Impact;2;physical +3%, energy +6%;;3;;;6;;;;;;;;;;https://static.wikia.nocookie.net/tibia/images/7/7c/Stoic_Iks_Casque.gif/revision/latest?cb=20231115110707&path-prefix=en;;;
Helmet;Stoic Iks Headpiece;helmet;;250;21.00;druids;no;no;no;yes;8;;;;;;;magic level +2 Augments: Wrath of Nature -> +5% Critical Extra Damage;2;death +3%;;;3;;;;;;;;;;;;https://static.wikia.nocookie.net/tibia/images/1/18/Stoic_Iks_Headpiece.gif/revision/latest?cb=20231115110708&path-prefix=en;;;
Helmet;Strange Helmet;helmet;;;46.00;;no;no;no;no;6;;;;;;;;;;;;;;;;;;;;;;;;https://static.wikia.nocookie.net/tibia/images/2/2e/Strange_Helmet.gif/revision/latest?cb=20050609230809&path-prefix=en;;;
Helmet;Studded Helmet;helmet;;;24.50;;no;no;no;no;2;;;;;;;;;;;;;;;;;;;;;;;;https://static.wikia.nocookie.net/tibia/images/c/cb/Studded_Helmet.gif/revision/latest?cb=20061213001312&path-prefix=en;;;
Helmet;Terra Helmet;helmet;;230;31.00;knights;yes;no;no;no;9;;;;;;;sword fighting +2, club fighting +2, axe fighting +2;1;physical +5%, earth +5%;;5;;;;5;;;;;;;;;https://static.wikia.nocookie.net/tibia/images/a/af/Terra_Helmet.gif/revision/latest?cb=20190701193849&path-prefix=en;;;
Helmet;Terra Hood;helmet;;;10.00;sorcerers and druids;no;no;yes;yes;5;;;;;;;;;earth +4%, fire -5%;-5;;;;;4;;;;;;;;;https://static.wikia.nocookie.net/tibia/images/3/30/Terra_Hood.gif/revision/latest?cb=20120403183449&path-prefix=en;;;
Helmet;The Crown of the Percht Queen (Fire);helmet;1;;19.00;;no;no;no;no;;;;;;;;;;;;;;;;;;;;;;;;;https://static.wikia.nocookie.net/tibia/images/0/0f/The_Crown_of_the_Percht_Queen_%28Fire%29.gif/revision/latest?cb=20181212132918&path-prefix=en;;;
Helmet;The Crown of the Percht Queen (Ice);helmet;1;;19.00;;no;no;no;no;;;;;;;;;;;;;;;;;;;;;;;;;https://static.wikia.nocookie.net/tibia/images/e/e5/The_Crown_of_the_Percht_Queen_%28Ice%29.gif/revision/latest?cb=20181212132918&path-prefix=en;;;
Helmet;The Epic Wisdom;helmet;1;;8.05.2024;;no;no;no;no;0;;;;;;;;;;;;;;;;;;;;;;;;https://static.wikia.nocookie.net/tibia/images/c/ce/The_Epic_Wisdom.gif/revision/latest?cb=20180125135903&path-prefix=en;;;
Helmet;Tiara of Power;helmet;;100;11.50;sorcerers and druids;no;no;yes;yes;7;;;;;;;faster regeneration, speed +20;;energy +8%;;;;;8;;;;;;;;;;https://static.wikia.nocookie.net/tibia/images/e/e8/Tiara_of_Power.gif/revision/latest?cb=20160425191910&path-prefix=en;;;
Helmet;Tribal Mask;helmet;1;;25.00;;no;no;no;no;2;;;;;;;;;;;;;;;;;;;;;;;;https://static.wikia.nocookie.net/tibia/images/5/59/Tribal_Mask.gif/revision/latest?cb=20051125201217&path-prefix=en;;;
Helmet;Viking Helmet;helmet;;;39.00;;no;no;no;no;4;;;;;;;;;;;;;;;;;;;;;;;;https://static.wikia.nocookie.net/tibia/images/d/d1/Viking_Helmet.gif/revision/latest?cb=20171223204759&path-prefix=en;;;
Helmet;Visage of the End Days;helmet;;;38.00;;no;no;no;no;10;;;;;;;;2;;;;;;;;;;;;;;;;https://static.wikia.nocookie.net/tibia/images/1/13/Visage_of_the_End_Days.gif/revision/latest?cb=20151112195351&path-prefix=en;;;
Helmet;Warrior Helmet;helmet;;;68.00;;no;no;no;no;8;;;;;;;;2;;;;;;;;;;;;;;;;https://static.wikia.nocookie.net/tibia/images/d/de/Warrior_Helmet.gif/revision/latest?cb=20050611020531&path-prefix=en;;;
Helmet;Werewolf Helmet;helmet;;100;25.00;;no;no;no;no;9;;;;;;;speed +15;;;;;;;;;;;;;;;;;https://static.wikia.nocookie.net/tibia/images/6/63/Werewolf_Helmet.gif/revision/latest?cb=20150624115057&path-prefix=en;;;
Helmet;Winged Helmet;helmet;;;12.00;;no;no;no;no;10;;;;;;;;;;;;;;;;;;;;;;;;https://static.wikia.nocookie.net/tibia/images/b/bc/Winged_Helmet.gif/revision/latest?cb=20171214210907&path-prefix=en;;;
Helmet;Witch Hat;helmet;;;7.80;sorcerers and druids;no;no;yes;yes;3;;;;;;;;1;mana drain +5%;;;;;;;;5;;;;;;;https://static.wikia.nocookie.net/tibia/images/4/4b/Witch_Hat.gif/revision/latest?cb=20091204231739&path-prefix=en;;;
Helmet;Wood Cape;helmet;;;11.00;paladins;no;yes;no;no;3;;;;;;;distance fighting +1;;earth +4%;;;;;;4;;;;;;;;;https://static.wikia.nocookie.net/tibia/images/6/68/Wood_Cape.gif/revision/latest?cb=20091229222706&path-prefix=en;;;
Helmet;Yalahari Mask;helmet;;80;35.00;sorcerers and druids;no;no;yes;yes;5;;;;;;;magic level +2;1;;;;;;;;;;;;;;;;https://static.wikia.nocookie.net/tibia/images/f/f6/Yalahari_Mask.gif/revision/latest?cb=20170904202045&path-prefix=en;;;
Helmet;Zaoan Helmet;helmet;;;66.00;knights and paladins;yes;yes;no;no;9;;;;;;;;1;physical +5%;;5;;;;;;;;;;;;;https://static.wikia.nocookie.net/tibia/images/2/2f/Zaoan_Helmet.gif/revision/latest?cb=20091202011847&path-prefix=en;;;
Weapon;Bow of Cataclysm;bow;;250;47.00 ;paladins;;;;;;;;;;;;distance fighting +2 ;3;death +4% ;;;;;;;;;;;6;6;4;;;;;
Weapon;Bow of Destruction;bow;;200;55.00 ;paladins;;;;;;;;;;;;;3;;;;;;;;;;;;6;5;5;;;;;
Weapon;Bow ;bow;;0;31.00 ;;;;;;;;;;;;;;0;;;;;;;;;;;;6;;;;;;;
Weapon;Composite Hornbow;bow;;50;52.00 ;paladins;;;;;;;;;;;;;3;;;;;;;;;;;;6;3;2;;;;;
Weapon;Crude Umbral Bow;bow;;75;50.00 ;paladins;;;;;;;;;;;;;0;;;;;;;;;;;;7;2;5;;;;;
Weapon;Eldritch Bow ;bow;;250;58.00 ;paladins;;;;;;;;;;;;distance fighting +2, holy magic level +1 ;3;;;;;;;;;;;;6;6;6;;;;;
Weapon;Elethriel's Elemental Bow;bow;;70;44.00 ;paladins;;;;;;;;;;;;;0;;;;;;;;;;;;4;7;;;;;;
Weapon;Elvish Bow ;bow;;0;39.00 ;;;;;;;;;;;;;;3;;;;;;;;;;;;6;;5;;;;;
Weapon;Falcon Bow ;bow;;300;35.00 ;paladins;;;;;;;;;;;;distance fighting +2 ;3;fire +5% ;;;;;;;;;;;6;7;5;;;;;
Weapon;Gilded Eldritch Bow;bow;;250;59.00 ;paladins;;;;;;;;;;;;distance fighting +2, holy magic level +1 ;3;;;;;;;;;;;;6;6;6;;;;;
Weapon;Grand Sanguine Bow;bow;;600;47.00 ;paladins;;;;;;;;;;;;"critical hit (10% chance, 12% extra damage),Â distance fighting +4
Augments: Divine Caldera -> Powerful Impact ";3;earth +6% ;;;;;;;;;;;6;9;6;;;;;
Weapon;Hive Bow ;bow;;85;46.00 ;paladins;;;;;;;;;;;;;3;;;;;;;;;;;;6;2;5;;;;;
Weapon;Icicle Bow ;bow;;0;42.00 ;;;;;;;;;;;;;;3;;;;;;;;;;;;6;1;4;;;;;
Weapon;Jungle Bow ;bow;;150;47.00 ;paladins;;;;;;;;;;;;distance fighting +1 ;2;physical +3% ;;;;;;;;;;;6;6;5;;;;;
Weapon;Lion Longbow;bow;;270;48.00 ;paladins;;;;;;;;;;;;distance fighting +2 ;3;ice +5% ;;;;;;;;;;;6;6;6;;;;;
Weapon;Living Vine Bow;bow;;220;38.00 ;paladins;;;;;;;;;;;;distance fighting +1 ;3;earth +4% ;;;;;;;;;;;6;5;5;;;;;
Weapon;Musician's Bow;bow;1;0;12.50 ;;;;;;;;;;;;;;3;;;;;;;;;;;;4;;;;;;;
Weapon;Mycological Bow;bow;;105;49.00 ;paladins;;;;;;;;;;;;;3;;;;;;;;;;;;6;4;4;;;;;
Weapon;Rift Bow;bow;;120;41.00 ;paladins;;;;;;;;;;;;;3;;;;;;;;;;;;7;5;3;;;;;
Weapon;Sanguine Bow;bow;;600;47.00 ;paladins;;;;;;;;;;;;"critical hit (10% chance, 12% extra damage),Â distance fighting +4
Augments: Divine Caldera -> Strong Impact ";3;earth +6% ;;;;;;;;;;;6;9;6;;;;;
Weapon;Shimmer Bow ;bow;;40;48.00 ;paladins;;;;;;;;;;;;;0;;;;;;;;;;;;6;1;7;;;;;
Weapon;Silkweaver Bow;bow;;40;22.00 ;paladins;;;;;;;;;;;;;3;;;;;;;;;;;;6;;3;;;;;
Weapon;Soulbleeder;bow;;400;47.00 ;paladins;;;;;;;;;;;;critical hit (10% chance, 10% extra damage),Â distance fighting +4 ;3;holy +7% ;;;;;;;;;;;6;8;5;;;;;
Weapon;Umbral Bow;bow;;120;45.00 ;paladins;;;;;;;;;;;;;1;;;;;;;;;;;;7;4;5;;;;;
Weapon;Umbral Master Bow ;bow;;250;40.00 ;paladins;;;;;;;;;;;;distance fighting +3 ;2;;;;;;;;;;;;7;6;5;;;;;
Weapon;Warsinger Bow ;bow;;80;45.00 ;paladins;;;;;;;;;;;;;3;;;;;;;;;;;;7;3;5;;;;;
Weapon;Yol's Bow ;bow;;60;35.00 ;paladins;;;;;;;;;;;;;0;;;;;;;;;;;;7;;7;;;;;
Weapon;Arbalest ;crossbow;;75;95.00 ;paladins;;;;;;;;;;;;;0;;;;;;;;;;;;6;2;2;;;;;
Weapon;Chain Bolter ;crossbow;;60;55.00 ;paladins;;;;;;;;;;;;;3;;;;;;;;;;;;3;4;;;;;;
Weapon;Cobra Crossbow ;crossbow;;220;40.00 ;paladins;;;;;;;;;;;;distance fighting +2 ;2;;;;;;;;;;;;6;7;6;;;;;
Weapon;Crossbow of Destruction ;crossbow;;200;65.00 ;paladins;;;;;;;;;;;;;3;;;;;;;;;;;;5;6;5;;;;;
Weapon;Crossbow ;crossbow;;0;40.00 ;;;;;;;;;;;;;;3;;;;;;;;;;;;5;;;;;;;
Weapon;Crude Umbral Crossbow ;crossbow;;75;130.00 ;paladins;;;;;;;;;;;;;0;;;;;;;;;;;;5;3;1;;;;;
Weapon;Crystal Crossbow ;crossbow;;90;84.00 ;paladins;;;;;;;;;;;;;0;;;;;;;;;;;;6;4;3;;;;;
Weapon;Grand Sanguine Crossbow ;crossbow;;600;47.00 ;paladins;;;;;;;;;;;;"critical hit (10% chance, 12% extra damage),Â distance fighting +4
Augments: Divine Caldera -> Powerful Impact ";3;fire +6% ;;;;;;;;;;;6;10;7;;;;;
Weapon;Modified Crossbow ;crossbow;;45;35.00 ;paladins;;;;;;;;;;;;;3;;;;;;;;;;;;5;;1;;;;;
Weapon;Naga Crossbow ;crossbow;;300;102.00 ;paladins;;;;;;;;;;;;distance fighting +2 ;3;earth +4% ;;;;;;;;;;;6;8;6;;;;;
Weapon;Ornate Crossbow ;crossbow;;50;91.00 ;paladins;;;;;;;;;;;;;0;;;;;;;;;;;;6;1;2;;;;;
Weapon;Rift Crossbow ;crossbow;;120;130.00 ;paladins;;;;;;;;;;;;;3;;;;;;;;;;;;5;5;4;;;;;
Weapon;Royal Crossbow ;crossbow;;130;120.00 ;paladins;;;;;;;;;;;;;3;;;;;;;;;;;;6;5;3;;;;;
Weapon;Sanguine Crossbow ;crossbow;;600;47.00 ;paladins;;;;;;;;;;;;"critical hit (10% chance, 12% extra damage),Â distance fighting +4
Augments: Divine Caldera -> Strong Impact ";3;fire +6% ;;;;;;;;;;;6;10;7;;;;;
Weapon;Soulpiercer ;crossbow;;400;40.00 ;paladins;;;;;;;;;;;;critical hit (10% chance, 10% extra damage),Â distance fighting +4 ;3;death +7% ;;;;;;;;;;;6;9;6;;;;;
Weapon;The Devileye ;crossbow;;100;55.00 ;paladins;;;;;;;;;;;;;3;;;;;;;;;;;;6;20;-20;;;;;
Weapon;The Ironworker ;crossbow;;80;150.00 ;paladins;;;;;;;;;;;;;3;;;;;;;;;;;;5;4;;;;;;
Weapon;Thorn Spitter ;crossbow;;150;126.00 ;paladins;;;;;;;;;;;;;3;;;;;;;;;;;;6;9;1;;;;;
Weapon;Triple Bolt Crossbow ;crossbow;;70;62.00 ;paladins;;;;;;;;;;;;;3;;;;;;;;;;;;5;3;2;;;;;
Weapon;Umbral Crossbow ;crossbow;;120;125.00 ;paladins;;;;;;;;;;;;;1;;;;;;;;;;;;5;6;2;;;;;
Weapon;Umbral Master Crossbow ;crossbow;;250;120.00 ;paladins;;;;;;;;;;;;distance fighting +3 ;2;;;;;;;;;;;;5;9;4;;;;;
;;;;;;;;;;;;;;;;;;;;;;;;;;;;;;;;;;;;;;
;;;;;;;;;;;;;;;;;;;;;;;;;;;;;;;;;;;;;;
;;;;;;;;;;;;;;;;;;;;;;;;;;;;;;;;;;;;;;
Weapon;Short sword;sword;;;;;;;;;;14;;;;;9;;;;;;;;;;;;;;;;;1;test.png;;;
Weapon;Giant sword;sword;;55;;;;;;;;45;;;;;9;;;;;;;;;;;;;;;;;2;test.png;;;
Weapon;Battle Axe;axe;;;;;;;;;;25;;;;;10;;;;;;;;;;;;;;;;;2;test.png;;;
Weapon;Halberd;axe;;25;;;;;;;;35;;;;;14;;;;;;;;;;;;;;;;;2;test.png;;;
Weapon;Throwing Star;thrown;;;;;;;;;;30;;;;;;;;;;;;;;;;;;;4;;;1;test.png;;;
Weapon;Crossbow;crossbow;;;;;;;;;;;;;;;;;;;;;;;;;;;;;5;;;2;test.png;;;
Weapon;Arbalest ;crossbow;;;;;;;;;;;;;;;;;;;;;;;;;;;;;6;2;2;2;test.png;;;
Legs;Plate Legs;legs;;;;;;;;;7;;;;;;;;;;;;;;;;;;;;;;;;test.png;;;
Legs;Magma Legs;legs;;40;;;;;;;8;;;;;;;;;;6;;;;;;-6;;;;;;;;test.png;;;
Armor;Leather Armor;armor;;;;;;;;;4;;;;;;;;;;;;;;;;;;;;;;;;test.png;;;
Armor;Dragon Scale Mail;armor;;;;;;;;;15;;;;;;;;;;;;;;;;;;;;;;;;test.png;;;
Armor;Fireborn Giant Armor;armor;;100;;;;;;;15;;;;;;;;;;5;;;;;;-5;;;;;;;;test.png;;;
Shield;Wooden shield;shield;;;;;;;;;;;;;;;14;;;;;;;;;;;;;;;;;;test.png;;;
Shield;Copper shield;shield;;;;;;;;;;;;;;;19;;;;;;;;;;;;;;;;;;test.png;;;
Shield;Dwarven Shield;shield;;;;;;;;;;;;;;;26;;;;;;;;;;;;;;;;;;test.png;;;
Shield;Tusk Shield;shield;;;;;;;;;;;;;;;27;;;;;;;;;;;;;;;;;;test.png;;;
Shield;Spike Shield;shield;;;;;;;;;;;;;;;28;;;;;;;;;;;;;;;;;;test.png;;;
Shield;Guardian Shield ;shield;;;;;;;;;;;;;;;30;;;;;;;;;;;;;;;;;;test.png;;;
Shield;Demon Shield ;shield;;;;;;;;;;;;;;;35;;;;;;;;;;;;;;;;;;test.png;;;
Shield;Spellbook of enlightenment;spellbook;;30;;;;;;;;;;;;;18;;;;;;;;;;;;;;;;;;test.png;;;
Boots;Leather Boots ;boots;;;;;;;;;1;;;;;;;;;;;;;;;;;;;;;;;;test.png;;;
Boots;Boots of Haste ;boots;;;;;;;;;;;;;;;;;;;;;;;;;;;;;;;;;test.png;;;
Boots;Prismatic Boots ;boots;;150;;;;;;;3;;;;;;;;;;;;3;;;;;;;;;;;;test.png;;;
Ring;Life Ring;ring;;;;;;;;;;;;;;;;;;;;;;;;;;;;;;;;;test.png;;;
Ring;Death Ring;ring;;;;;;;;;1;;;;;;;;;;;;;;;;;;;;;;;;test.png;;;
Ammo;Arrow ;bow;;;0.70 ;;;;;;;25;;;;;;;;;;;;;;;;;;;;;;;test.png;;;3
Ammo;Burst Arrow ;bow;;;0.90 ;;;;;;;27;;;;;;;;;;;;;;;;;;;;;;;test.png;;;
Ammo;Crystalline Arrow ;bow;;90;0.75 ;;;;;;;65;;;;;;;;;;;;;;;;;;;;;;;test.png;;;20
Ammo;Diamond Arrow ;bow;;150;0.80 ;;;;;;;37;;;;;;;;;;;;;;;;;;;;;;;test.png;;;100
Ammo;Earth Arrow ;bow;;20;0.70 ;;;;;;;14;;;;14;;;;;;;;;;;;;;;;;;;;;;5
Ammo;Envenomed Arrow ;bow;;70;0.70 ;;;;;;;27;;;;27;;;;;;;;;;;;;;;;;;;;;;12
Ammo;Flaming Arrow ;bow;;20;0.70 ;;;;;;;14;14;;;;;;;;;;;;;;;;;;;;;;;;;5
Ammo;Flash Arrow ;bow;;20;0.70 ;;;;;;;14;;14;;;;;;;;;;;;;;;;;;;;;;;;5
Ammo;Onyx Arrow ;bow;;40;0.70 ;;;;;;;38;;;;;;;;;;;;;;;;;;;;;;;;;;7
Ammo;Poison Arrow ;bow;;;0.80 ;;;;;;;23;;;;;;;;;;;;;;;;;;;;;;;;;;
Ammo;Shiver Arrow ;bow;;20;0.70 ;;;;;;;14;;;14;;;;;;;;;;;;;;;;;;;;;;;5
Ammo;Simple Arrow ;bow;;;0.60 ;;;;;;;20;;;;;;;;;;;;;;;;;;;;;;;;;;2
Ammo;Sniper Arrow ;bow;;20;0.70 ;;;;;;;28;;;;;;;;;;;;;;;;;;;;;;;;;;5
Ammo;Tarsal Arrow ;bow;;30;0.70 ;;;;;;;33;;;;;;;;;;;;;;;;;;;;;;;;;;6
Ammo;Bolt ;crossbow;;;0.80 ;;;;;;;30;;;;;;;;;;;;;;;;;;;;;;;;;;4
Ammo;Drill Bolt ;crossbow;;;0.80 ;;;;;;;56;;;;;;;;;;;;;;;;;;;;;;;;;;12
Ammo;Infernal Bolt ;crossbow;;;0.90 ;;;;;;;72;;;;;;;;;;;;;;;;;;;;;;;;;;
Ammo;Piercing Bolt ;crossbow;;;0.80 ;;;;;;;33;;;;;;;;;;;;;;;;;;;;;;;;;;5
Ammo;Power Bolt ;crossbow;;;0.90 ;;;;;;;40;;;;;;;;;;;;;;;;;;;;;;;;;;7
Ammo;Prismatic Bolt ;crossbow;;;0.85 ;;;;;;;66;;;;;;;;;;;;;;;;;;;;;;;;;;20
Ammo;Spectral Bolt ;crossbow;;;0.90 ;;;;;;;78;;;;;;;;;;;;;;;;;;;;;;;;;;70
Ammo;Vortex Bolt ;crossbow;;;0.80 ;;;;;;;36;;;;;;;;;;;;;;;;;;;;;;;;;;6
